<?xml version="1.0"?>
<SubSite>
  <AttributeArray>
    <KeyValueElement>
      <Plugin>adsense</Plugin>
      <Key>Enabled</Key>
      <Value xmlns:q1="http://www.w3.org/2001/XMLSchema" d4p1:type="q1:boolean" xmlns:d4p1="http://www.w3.org/2001/XMLSchema-instance">true</Value>
    </KeyValueElement>
    <KeyValueElement>
      <Plugin>chat.aspx</Plugin>
      <Key>Enabled</Key>
      <Value xmlns:q2="http://www.w3.org/2001/XMLSchema" d4p1:type="q2:boolean" xmlns:d4p1="http://www.w3.org/2001/XMLSchema-instance">false</Value>
    </KeyValueElement>
    <KeyValueElement>
      <Plugin>backgroundslideshow</Plugin>
      <Key>Enabled</Key>
      <Value xmlns:q3="http://www.w3.org/2001/XMLSchema" d4p1:type="q3:boolean" xmlns:d4p1="http://www.w3.org/2001/XMLSchema-instance">true</Value>
    </KeyValueElement>
    <KeyValueElement>
      <Plugin>threedimensionsgallery</Plugin>
      <Key>Enabled</Key>
      <Value xmlns:q4="http://www.w3.org/2001/XMLSchema" d4p1:type="q4:boolean" xmlns:d4p1="http://www.w3.org/2001/XMLSchema-instance">false</Value>
    </KeyValueElement>
    <KeyValueElement>
      <Plugin>BackgroundSlideshow</Plugin>
      <Key>Enabled</Key>
      <Value xmlns:q5="http://www.w3.org/2001/XMLSchema" d4p1:type="q5:boolean" xmlns:d4p1="http://www.w3.org/2001/XMLSchema-instance">true</Value>
    </KeyValueElement>
  </AttributeArray>
  <Name>website1</Name>
  <Language>English</Language>
  <Archive>
    <int>1</int>
  </Archive>
  <Description />
  <Title>Photo gallery</Title>
  <KeyWords />
  <CorrelatedWords>
    <Words>
      <string />
    </Words>
    <Status>NotEnabled</Status>
  </CorrelatedWords>
  <NotIncludeSitesCensoredIntoFrame>true</NotIncludeSitesCensoredIntoFrame>
  <EnableRelatedBlogAggregator>false</EnableRelatedBlogAggregator>
  <Currency>EUR</Currency>
  <CurrencyExchangeWidget>false</CurrencyExchangeWidget>
  <Photoalbums>
    <string>default/a50</string>
  </Photoalbums>
  <AboutUs>true</AboutUs>
  <Contacts>true</Contacts>
  <UsersOnline>true</UsersOnline>
  <ShowRelatedPagesWithTheSearchCarriedOutByTheVisitor>true</ShowRelatedPagesWithTheSearchCarriedOutByTheVisitor>
  <EnablePdfVersion>
    <TopicsOfForum>Default</TopicsOfForum>
    <Photos>Default</Photos>
    <Pages>Default</Pages>
  </EnablePdfVersion>
  <EmailCustomization>
    <Email />
    <SmtpServer />
    <SmtpPort>25</SmtpPort>
    <SmtpUserName />
    <SmtpPassword />
    <Enabled>false</Enabled>
  </EmailCustomization>
  <ContactsCustomization>
    <PhoneContacts />
    <Enabled>false</Enabled>
  </ContactsCustomization>
  <Aspect>
    <ShowTheDateInTheArticles>false</ShowTheDateInTheArticles>
    <ShowTheAuthorInTheArticles>false</ShowTheAuthorInTheArticles>
    <FirstDocumentInHomePage>true</FirstDocumentInHomePage>
    <RandomPicturesForPhotoAlbum>1</RandomPicturesForPhotoAlbum>
    <SuggestTheBestChoiceByTheBlink>true</SuggestTheBestChoiceByTheBlink>
    <SizeOfVideoEmbedded>Fluid</SizeOfVideoEmbedded>
    <AddImageIntoTheBackgroundOfButtonPhotoAlbum>false</AddImageIntoTheBackgroundOfButtonPhotoAlbum>
    <ForumPreviewInMainPage>
      <TypeOfForumPreview>LastTopics</TypeOfForumPreview>
      <TopicsOfForumInPreview>3</TopicsOfForumInPreview>
    </ForumPreviewInMainPage>
    <OrderOfTheElementsOnTheMainPage>
      <ForumPreview>Position1</ForumPreview>
      <NewsPreview>Position2</NewsPreview>
      <ChatPreview>Position3</ChatPreview>
      <Content>Position4</Content>
    </OrderOfTheElementsOnTheMainPage>
    <ShowElementsOnTheMainPage>
      <ForumPreview>true</ForumPreview>
      <NewsPreview>true</NewsPreview>
      <ChatPreview>true</ChatPreview>
    </ShowElementsOnTheMainPage>
    <ImageRendering>
      <ShowExifInfo>false</ShowExifInfo>
      <ImageTone>Default</ImageTone>
      <DoNotApplyTheImagesToneToUsers>true</DoNotApplyTheImagesToneToUsers>
    </ImageRendering>
  </Aspect>
  <SEO>
    <ShareCorrelatedWords>true</ShareCorrelatedWords>
    <ApplyCorrelatedWordsFromOtherSites>true</ApplyCorrelatedWordsFromOtherSites>
    <AutoTagDlForThePages>true</AutoTagDlForThePages>
    <AutomaticallyDelimitsBlocksOfCodeInTheText>true</AutomaticallyDelimitsBlocksOfCodeInTheText>
    <TransformationOfTheUrlInTheText>ExternalLinksInFrames</TransformationOfTheUrlInTheText>
    <TextOnHomePageButton>HomePage</TextOnHomePageButton>
    <LinkToWebsitesOfUsersInTheForums>No</LinkToWebsitesOfUsersInTheForums>
    <CopyPrevention>
      <ForumAndComments>false</ForumAndComments>
      <Pages>false</Pages>
      <FromExternalSources>true</FromExternalSources>
    </CopyPrevention>
    <PhotoObfuscation>
      <PhotoOfUsers>NoManipulation</PhotoOfUsers>
      <PhotoOfWebsite>NoManipulation</PhotoOfWebsite>
    </PhotoObfuscation>
  </SEO>
  <ForumOfPresentation>
    <InviteNewUsersToWriteTheirPresentation>true</InviteNewUsersToWriteTheirPresentation>
    <ForumId>0</ForumId>
    <SubcategoryId>0</SubcategoryId>
  </ForumOfPresentation>
  <DateFormat>dd/MM/yyyy</DateFormat>
  <TimeFormat>H\:mm\:ss</TimeFormat>
  <IdSkin>Photographer</IdSkin>
</SubSite>