<?xml version="1.0" encoding="UTF-8"?><gesmes:Envelope xmlns:gesmes="http://www.gesmes.org/xml/2002-08-01" xmlns="http://www.ecb.int/vocabulary/2002-08-01/eurofxref"><gesmes:subject>Reference rates</gesmes:subject><gesmes:Sender><gesmes:name>European Central Bank</gesmes:name></gesmes:Sender><Cube><Cube time="2011-06-17"><Cube currency="USD" rate="1.4270" /><Cube currency="JPY" rate="114.71" /><Cube currency="BGN" rate="1.9558" /><Cube currency="CZK" rate="24.130" /><Cube currency="DKK" rate="7.4592" /><Cube currency="GBP" rate="0.88260" /><Cube currency="HUF" rate="267.66" /><Cube currency="LTL" rate="3.4528" /><Cube currency="LVL" rate="0.7093" /><Cube currency="PLN" rate="3.9729" /><Cube currency="RON" rate="4.2270" /><Cube currency="SEK" rate="9.1887" /><Cube currency="CHF" rate="1.2103" /><Cube currency="NOK" rate="7.8695" /><Cube currency="HRK" rate="7.4063" /><Cube currency="RUB" rate="40.0605" /><Cube currency="TRY" rate="2.2779" /><Cube currency="AUD" rate="1.3440" /><Cube currency="BRL" rate="2.2840" /><Cube currency="CAD" rate="1.3967" /><Cube currency="CNY" rate="9.2363" /><Cube currency="HKD" rate="11.1246" /><Cube currency="IDR" rate="12267.05" /><Cube currency="ILS" rate="4.9055" /><Cube currency="INR" rate="64.0260" /><Cube currency="KRW" rate="1553.37" /><Cube currency="MXN" rate="16.9806" /><Cube currency="MYR" rate="4.3252" /><Cube currency="NZD" rate="1.7650" /><Cube currency="PHP" rate="62.426" /><Cube currency="SGD" rate="1.7621" /><Cube currency="THB" rate="43.638" /><Cube currency="ZAR" rate="9.6954" /></Cube></Cube></gesmes:Envelope>