<?xml version="1.0"?>
<Photo>
  <Format>Jpeg</Format>
  <Deletable>Author</Deletable>
  <Editable>Author</Editable>
  <Width>1024</Width>
  <Height>855</Height>
  <Taken>2012-09-08T17:33:50</Taken>
  <CameraBrand>SAMSUNG</CameraBrand>
  <ExposureTime>0.01724138</ExposureTime>
  <FNumber>3.5</FNumber>
  <ISO>100</ISO>
  <MaxAperture>4</MaxAperture>
  <Flash>0</Flash>
  <FocalLength>4.9</FocalLength>
  <Latitude>0</Latitude>
  <Longitude>0</Longitude>
  <Author>Webmaster</Author>
  <Created>2012-10-25T15:35:24.4215459Z</Created>
  <IdComments>0</IdComments>
  <Hide>false</Hide>
  <Exists>true</Exists>
  <LocalizationArray>
    <LiteralLanguage>
      <Language>English</Language>
      <Title>Butterfly</Title>
      <Description>The butterfly warrior</Description>
    </LiteralLanguage>
  </LocalizationArray>
</Photo>