<?xml version="1.0"?>
<Photo>
  <Format>Jpeg</Format>
  <Deletable>Author</Deletable>
  <Editable>Author</Editable>
  <Width>1024</Width>
  <Height>722</Height>
  <Taken>2007-01-26T16:28:21</Taken>
  <CameraBrand>Samsung Techwin</CameraBrand>
  <CameraModel>&lt;KENOX S730  / Samsung S730&gt;</CameraModel>
  <ExposureTime>0.00555555569</ExposureTime>
  <FNumber>2.8</FNumber>
  <ISO>80</ISO>
  <MaxAperture>3</MaxAperture>
  <Flash>88</Flash>
  <FocalLength>5.8</FocalLength>
  <Latitude>0</Latitude>
  <Longitude>0</Longitude>
  <Author>Webmaster</Author>
  <Created>2012-10-25T15:37:03.9431575Z</Created>
  <IdComments>0</IdComments>
  <Hide>false</Hide>
  <Exists>true</Exists>
  <LocalizationArray>
    <LiteralLanguage>
      <Language>English</Language>
      <Title>Butterfly</Title>
      <Description>The butterfly enchantress of Bengodi</Description>
    </LiteralLanguage>
  </LocalizationArray>
</Photo>