<?xml version="1.0"?>
<Photo>
  <Format>Jpeg</Format>
  <Deletable>Author</Deletable>
  <Editable>Author</Editable>
  <Width>1024</Width>
  <Height>772</Height>
  <Taken>2011-10-23T22:13:59</Taken>
  <CameraBrand>Canon</CameraBrand>
  <CameraModel>Canon EOS 60D</CameraModel>
  <ExposureTime>0.00125</ExposureTime>
  <FNumber>6.3</FNumber>
  <ISO>250</ISO>
  <MaxAperture>0</MaxAperture>
  <Flash>16</Flash>
  <FocalLength>100</FocalLength>
  <Latitude>0</Latitude>
  <Longitude>0</Longitude>
  <Author>Webmaster</Author>
  <Created>2012-10-25T15:38:31.4928759Z</Created>
  <IdComments>0</IdComments>
  <Hide>false</Hide>
  <Exists>true</Exists>
  <LocalizationArray>
    <LiteralLanguage>
      <Language>English</Language>
      <Title>Butterfly</Title>
      <Description>The butterfly of happiness</Description>
    </LiteralLanguage>
  </LocalizationArray>
</Photo>