<?xml version="1.0"?>
<Photo>
  <Format>Jpeg</Format>
  <Deletable>Author</Deletable>
  <Editable>Author</Editable>
  <Width>833</Width>
  <Height>1024</Height>
  <Taken>2010-08-19T17:21:44</Taken>
  <CameraBrand>Canon</CameraBrand>
  <CameraModel>Canon PowerShot SX1 IS</CameraModel>
  <ExposureTime>0.008</ExposureTime>
  <FNumber>4</FNumber>
  <ISO>80</ISO>
  <MaxAperture>4</MaxAperture>
  <Flash>73</Flash>
  <FocalLength>16.448</FocalLength>
  <Latitude>0</Latitude>
  <Longitude>0</Longitude>
  <Author>Webmaster</Author>
  <Created>2012-10-25T15:44:24.9625694Z</Created>
  <IdComments>0</IdComments>
  <Hide>false</Hide>
  <Exists>true</Exists>
  <LocalizationArray>
    <LiteralLanguage>
      <Language>English</Language>
      <Title>Butterfly</Title>
      <Description>The rare butterfly leaf dry</Description>
    </LiteralLanguage>
  </LocalizationArray>
</Photo>