<?xml version="1.0"?>
<PhotoAlbum>
  <Archive>Default_Configuration</Archive>
  <SubLevel>1</SubLevel>
  <Author>Webmaster</Author>
  <Created>2012-10-25T07:34:04.2194448Z</Created>
  <SubPhotoAlbumsNotCreatable>false</SubPhotoAlbumsNotCreatable>
  <Hide>false</Hide>
  <Editable>OnlyIfEmpty</Editable>
  <AddPermitted>Author</AddPermitted>
  <Exists>false</Exists>
  <Deletable>None</Deletable>
  <LocalizationArray>
    <LiteralLanguage>
      <Language>English</Language>
      <Title>Gallery</Title>
      <Description />
    </LiteralLanguage>
  </LocalizationArray>
  <IsRoot>true</IsRoot>
</PhotoAlbum>