<?xml version="1.0" encoding="ISO-8859-1"?>
<!-- Skin setup -->
<variables>
	<!-- Inside variables to define elements to load -->
	<add key="ImageTopLeft" value="resources/images/logos/logo.gif"/>
	<add key="Logo" value="resources/images/logos/Roman_Empire_2.png"/>
	<add key="BannerServices" value=""/>
	<add key="Favicon" value="resources/images/favicons/favicon.ico"/>
	<add key="bgsound" value=""/>
  <add key="SoundOnlyAtStartSession" value="true"/>
  <add key="FolderIcons" value="48"/>
  <add key="ButtonsWithIcons" value="false"/>
	<!-- Optional variables for replace in CSS file -->
	<add key="BackgroundColorPage" value="white"/>
	<add key="BackgroundImage" value=""/>
	<add key="BackgroundRepeat" value="repeat"/>
	<add key="FontColor" value="black"/>
	<add key="FontFamily" value="verdana"/>
	<add key="FontSize" value="0.9em"/>
	
	<add key="BackgroundImageBox" value=""/>
  <add key="BackgroundColorBox" value="white"/>
 	<add key="BorderColorBox" value="#dad9c8"/>
 	<add key="BackgroundColorButton" value="#fffddf"/>

  <add key="PointListMenu" value="resources/images/ListStyleImage/1.gif"/>

  <add key="ColorLink" value="#0054a6"/>
	<add key="ColorVisitedLink" value="#0054a6"/>

	<add key="ColorDark" value="#2d6273"/>
	<add key="ColorBright" value="#cbe3eb"/>

	<add key="Pattern1" value=""/>

	<add key="ParRowColor" value="white"/><!-- Back Ground color for par box and box menu-->
	<add key="OddRowColor" value="white"/><!-- Back Ground color for unpair box -->
	<add key="QuoteColor" value="d1dee5"/><!-- Back Ground color for quote -->

	<!-- Border of screen -->
	<add key="BodyMargin" value="0px"/>
	<add key="BodyBorderWidth" value="15px"/>
	<add key="BodyMarginInside" value="10px"/>

  <!-- Rounded element -->
  <add key="RoundedButton" value="0px"/>
  <add key="RoundedMenu" value="0px"/>

  <!-- shadow -->
  <!-- <add key="shadow" value="5px 5px 15px #000000"/> -->
  <add key="shadow" value="0 0 0"/>

	<!-- Menu -->
	<add key="BorderMenu" value="0px outset"/>
</variables>
