<?xml version="1.0"?>
<Photo>
  <Format>Jpeg</Format>
  <Deletable>Author</Deletable>
  <Editable>Author</Editable>
  <Width>1024</Width>
  <Height>640</Height>
  <Taken>0001-01-01T00:00:00</Taken>
  <ExposureTime>0</ExposureTime>
  <FNumber>0</FNumber>
  <ISO>0</ISO>
  <MaxAperture>0</MaxAperture>
  <Flash>0</Flash>
  <FocalLength>0</FocalLength>
  <Latitude>0</Latitude>
  <Longitude>0</Longitude>
  <Author>Webmaster</Author>
  <Created>2012-10-25T09:32:10.0754446Z</Created>
  <IdComments>0</IdComments>
  <Hide>false</Hide>
  <Exists>true</Exists>
  <LocalizationArray>
    <LiteralLanguage>
      <Language>English</Language>
      <Title>Landscape</Title>
      <Description>Typical landscape</Description>
    </LiteralLanguage>
  </LocalizationArray>
</Photo>