<?xml version="1.0"?>
<PhotoAlbum>
  <Archive>Default_Configuration</Archive>
  <SubLevel>2</SubLevel>
  <Author>Webmaster</Author>
  <Created>2012-10-25T08:10:23.4190038Z</Created>
  <SubPhotoAlbumsNotCreatable>false</SubPhotoAlbumsNotCreatable>
  <Hide>false</Hide>
  <Editable>Author</Editable>
  <AddPermitted>Author</AddPermitted>
  <Exists>false</Exists>
  <Deletable>Author</Deletable>
  <LocalizationArray>
    <LiteralLanguage>
      <Language>English</Language>
      <Title>Landscapes</Title>
      <Description>Beautiful landscapes</Description>
    </LiteralLanguage>
  </LocalizationArray>
  <IsRoot>false</IsRoot>
</PhotoAlbum>